FusionType,FusionMethod,FS_Combination,Classifier,accuracy,precision,recall,sensitivity,specificity,f1,auc,TotalTime_sec,FinalMemory_MB,PeakMemory_MB
trans,pca,filter_IG_0.99999,KNN,0.174051,0.171429,1.0,1.0,0.003817,0.292683,0.413627,0.1607,195.9375,0.9687
trans,pca,filter_IG_0.99999,SVM,0.170886,0.170886,1.0,1.0,0.0,0.291892,0.08503,0.2008,195.8164,0.845
trans,rbf,filter_IG_0.99999,KNN,0.170886,0.170886,1.0,1.0,0.0,0.291892,0.5,0.1569,195.9375,1.3306
trans,rbf,filter_IG_0.99999,SVM,0.170886,0.170886,1.0,1.0,0.0,0.291892,0.473282,0.158,195.8164,1.1172
trans,snf,filter_IG_0.99999,KNN,0.170886,0.170886,1.0,1.0,0.0,0.291892,0.5,0.2025,195.8164,14.2855
trans,snf,filter_IG_0.99999,SVM,0.170886,0.170886,1.0,1.0,0.0,0.291892,0.236429,0.2008,195.4375,14.2056
